id,query
1,create cardano dapp
2,building on cardano
3,cardano smart contracts
4,how to create cardano dapp
5,cardano tutorial
6,cardano developer documentation
7,how to write cardano smart contracts
8,cardano NFT minting tutorial
9,cardano blockchain development guide
10,cardano smart contract language
11,cardano tokens tutorial
12,how to deploy smart contract on cardano
13,cardano dapp development framework
14,cardano transaction tutorial
15,cardano wallet integration guide
16,cardano setup tutorial
17,cardano dapp code example
18,cardano transaction building tutorial
19,cardano getting started
20,how to build on cardano
21,cardano smart contract best practices
22,cardano DeFi protocol development
23,cardano oracle integration tutorial
24,cardano testing smart contracts
25,cardano DEX smart contract tutorial
26,cardano multi-signature transaction tutorial
27,cardano development tools
28,cardano sdk for developers
29,cardano api for building apps
30,cardano hello world smart contract
31,how to connect frontend to cardano
32,cardano developer ecosystem overview
33,cardano vs ethereum for developers
34,cardano programming language for smart contracts
35,cardano testnet deploy tutorial
36,how to mint tokens on cardano
37,cardano react app integration
38,cardano rest api tutorial
39,cardano smart contract example code
40,cardano developer starter project
41,cardano open source projects github
42,how to build NFT marketplace on cardano
43,cardano web3 development
44,cardano developer community
45,cardano fullstack dapp tutorial
46,how to interact with cardano smart contract
47,cardano development roadmap for beginners
48,best resources to learn cardano development
49,cardano developer jobs and skills needed
